2019-06-09 10:08:58.603283,::ffff:172.17.0.1,https://goo.gl/maps/fG3Z1AdXphDv1GW77,21bday
2019-06-09 10:09:30.921033,::ffff:172.17.0.1,https://www.k1speed.com/santa-clara-location/pricing.html,21bday
2019-06-09 10:15:12.927266,::ffff:172.17.0.1,http://pizzachicagoonline.com/menu/,21bday
2019-06-09 10:26:59.751061,::ffff:172.17.0.1,https://sweettomatoes.com/locations/ca/sunnyvale-24/,21bday
2019-06-09 10:27:07.264142,::ffff:172.17.0.1,http://pizzachicagoonline.com/menu/,21bday
2019-06-09 18:32:31.349885,::ffff:172.17.0.1,https://goo.gl/maps/VHa3oQ6AJasLaLRk8,21bday
2019-06-09 18:32:49.734550,::ffff:172.17.0.1,https://goo.gl/maps/fG3Z1AdXphDv1GW77,21bday
2019-06-10 03:29:57.491053,::ffff:172.17.0.1,https://goo.gl/maps/fG3Z1AdXphDv1GW77,21bday
2019-06-12 00:50:32.887610,::ffff:172.17.0.1,,wishlist
2019-06-12 21:07:00.215179,::ffff:172.17.0.1,http://pizzachicagoonline.com/menu/,21bday
2019-06-14 03:33:03.047550,::ffff:172.17.0.1,https://www.adafruit.com/product/4200,wishlist
2019-06-14 05:01:07.302387,::ffff:172.17.0.1,,wishlist
2019-06-14 05:41:34.253259,::ffff:172.17.0.1,https://www.adafruit.com/product/4242,wishlist
2019-06-14 07:36:35.759120,::ffff:172.17.0.1,,wishlist
2019-06-14 07:36:36.348435,::ffff:172.17.0.1,https://www.amazon.com/dp/B0143UM4TC,wishlist
2019-06-14 07:36:37.107662,::ffff:172.17.0.1,https://www.amazon.com/dp/B01K9MQ8WW,wishlist
2019-06-14 07:36:38.235882,::ffff:172.17.0.1,https://www.amazon.com/dp/B002MJMXD4,wishlist
2019-06-14 07:36:38.524389,::ffff:172.17.0.1,https://www.amazon.com/dp/B01N6QKT7H,wishlist
2019-06-14 07:36:39.007560,::ffff:172.17.0.1,https://www.amazon.com/dp/B07NHRC3KH,wishlist
2019-06-14 07:36:39.487943,::ffff:172.17.0.1,https://www.amazon.com/dp/B06WVYL61Q,wishlist
2019-06-14 07:36:39.973810,::ffff:172.17.0.1,https://www.amazon.com/dp/B07NQDG7RQ,wishlist
2019-06-14 07:36:40.462200,::ffff:172.17.0.1,https://www.amazon.com/dp/B01GF0KV6G,wishlist
2019-06-14 07:36:40.954588,::ffff:172.17.0.1,https://www.amazon.com/dp/B075SG1T3X,wishlist
2019-06-14 07:36:41.447452,::ffff:172.17.0.1,https://www.adafruit.com/product/4200,wishlist
2019-06-14 07:36:59.577357,::ffff:172.17.0.1,https://www.adafruit.com/product/4242,wishlist
2019-06-14 07:37:18.408168,::ffff:172.17.0.1,https://www.amazon.com/dp/B07BFVFMS9/,wishlist
2019-06-14 07:37:37.188392,::ffff:172.17.0.1,https://www.amazon.com/dp/B0012B8NW8/,wishlist
2019-06-14 07:37:55.979929,::ffff:172.17.0.1,https://www.adafruit.com/product/1597,wishlist
2019-06-14 07:38:14.790217,::ffff:172.17.0.1,https://www.adafruit.com/product/3505,wishlist
2019-06-14 07:38:33.601440,::ffff:172.17.0.1,https://www.amazon.com//dp/B07BMM74FD/,wishlist
2019-06-14 07:38:52.430949,::ffff:172.17.0.1,https://www.newegg.com/p/13C-0005-00145,wishlist
2019-06-14 07:39:11.461881,::ffff:172.17.0.1,https://www.yogurt-land.com/buygiftcards,wishlist
2019-06-14 07:39:30.152114,::ffff:172.17.0.1,https://www.amazon.com/gp/product/B07B3G4S4J,wishlist
2019-06-14 07:39:49.138575,::ffff:172.17.0.1,https://www.amazon.com/gp/product/B076642YPN,wishlist
2019-06-14 07:40:08.329542,::ffff:172.17.0.1,https://www.makershed.com/products/the-solarbotics-gravitrack-solar-marble-machine-kit,wishlist
2019-06-14 07:40:27.272059,::ffff:172.17.0.1,https://www.hdplex.com/hdplex-internal-200w-ac-dc-adapter-with-active-pfc-and-19vdc-output.html,wishlist
2019-06-14 07:40:46.768000,::ffff:172.17.0.1,https://www.newegg.com/g-skill-32gb-288-pin-ddr4-sdram/p/N82E16820232321,wishlist
2019-06-14 07:41:06.914014,::ffff:172.17.0.1,https://www.hdplex.com/hdplex-200w-dc-atx-power-supply-16v-24v-wide-range-voltage-input.html,wishlist
2019-06-14 07:41:29.878526,::ffff:172.17.0.1,https://www.sfflab.com/collections/enclosures/products/nfc_s4m?variant=21625046794353,wishlist
2019-06-14 09:52:51.993615,::ffff:172.17.0.1,https://www.amazon.com/dp/B0012B8NW8/,wishlist
2019-06-14 11:21:30.083111,::ffff:172.17.0.1,https://www.adafruit.com/product/1597,wishlist
2019-06-14 12:50:46.949415,::ffff:172.17.0.1,https://www.amazon.com//dp/B07BMM74FD/,wishlist
2019-06-14 14:18:37.454623,::ffff:172.17.0.1,https://www.adafruit.com/product/3505,wishlist
2019-06-14 15:27:49.873933,::ffff:172.17.0.1,,wishlist
2019-06-14 15:27:53.097495,::ffff:172.17.0.1,https://www.adafruit.com/product/1597,wishlist
2019-06-14 15:27:55.569297,::ffff:172.17.0.1,https://www.adafruit.com/product/3505,wishlist
2019-06-14 15:27:58.151271,::ffff:172.17.0.1,https://www.adafruit.com/product/4200,wishlist
2019-06-14 15:28:01.902075,::ffff:172.17.0.1,https://www.adafruit.com/product/4242,wishlist
2019-06-14 15:28:08.141460,::ffff:172.17.0.1,https://www.amazon.com/dp/B0012B8NW8/,wishlist
2019-06-14 15:28:11.054184,::ffff:172.17.0.1,https://www.amazon.com/dp/B002MJMXD4,wishlist
2019-06-14 15:28:19.336383,::ffff:172.17.0.1,https://www.amazon.com/dp/B0143UM4TC,wishlist
2019-06-14 15:28:24.360726,::ffff:172.17.0.1,https://www.amazon.com/dp/B01GF0KV6G,wishlist
2019-06-14 15:28:32.510522,::ffff:172.17.0.1,https://www.amazon.com/dp/B01K9MQ8WW,wishlist
2019-06-14 15:28:40.212627,::ffff:172.17.0.1,https://www.amazon.com/dp/B01N6QKT7H,wishlist
2019-06-14 15:28:45.467095,::ffff:172.17.0.1,https://www.amazon.com/dp/B06WVYL61Q,wishlist
2019-06-14 15:28:51.059303,::ffff:172.17.0.1,https://www.amazon.com/dp/B075SG1T3X,wishlist
2019-06-14 15:29:00.577903,::ffff:172.17.0.1,https://www.amazon.com/dp/B07BFVFMS9/,wishlist
2019-06-14 15:29:14.884261,::ffff:172.17.0.1,https://www.amazon.com/dp/B07BMM74FD/,wishlist
2019-06-14 15:29:19.224382,::ffff:172.17.0.1,https://www.amazon.com/dp/B07NHRC3KH,wishlist
2019-06-14 15:29:25.073629,::ffff:172.17.0.1,https://www.amazon.com/dp/B07NQDG7RQ,wishlist
2019-06-14 15:29:28.484168,::ffff:172.17.0.1,https://www.amazon.com/gp/product/B076642YPN,wishlist
2019-06-14 15:29:32.090238,::ffff:172.17.0.1,https://www.amazon.com/gp/product/B07B3G4S4J,wishlist
2019-06-14 15:29:35.294484,::ffff:172.17.0.1,https://www.hdplex.com/hdplex-200w-dc-atx-power-supply-16v-24v-wide-range-voltage-input.html,wishlist
2019-06-14 15:29:41.988873,::ffff:172.17.0.1,https://www.hdplex.com/hdplex-internal-200w-ac-dc-adapter-with-active-pfc-and-19vdc-output.html,wishlist
2019-06-14 15:29:45.632364,::ffff:172.17.0.1,https://www.makershed.com/products/the-solarbotics-gravitrack-solar-marble-machine-kit,wishlist
2019-06-14 15:29:50.124095,::ffff:172.17.0.1,https://www.newegg.com/g-skill-32gb-288-pin-ddr4-sdram/p/N82E16820232321,wishlist
2019-06-14 15:29:52.972799,::ffff:172.17.0.1,https://www.newegg.com/p/13C-0005-00145,wishlist
2019-06-14 15:29:58.107785,::ffff:172.17.0.1,https://www.sfflab.com/collections/enclosures/products/nfc_s4m?variant=21625046794353,wishlist
2019-06-14 15:30:03.155238,::ffff:172.17.0.1,https://www.yogurt-land.com/buygiftcards,wishlist
2019-06-15 05:52:09.492342,::ffff:172.17.0.1,https://www.amazon.com/dp/B0143UM4TC,wishlist
2019-06-15 11:53:48.942007,::ffff:172.17.0.1,https://www.amazon.com/dp/B01K9MQ8WW,wishlist
2019-06-15 15:14:23.615846,::ffff:172.17.0.1,https://www.amazon.com/dp/B002MJMXD4,wishlist
2019-06-15 22:02:43.319942,::ffff:172.17.0.1,https://www.sfflab.com/collections/enclosures/products/nfc_s4m?variant=21625046794353,wishlist
2019-06-15 22:21:58.687947,::ffff:172.17.0.1,https://www.amazon.com/dp/B01N6QKT7H,wishlist
2019-06-16 01:30:46.674841,::ffff:172.17.0.1,https://www.amazon.com/dp/B01GF0KV6G,wishlist
2019-06-16 05:58:11.605028,::ffff:172.17.0.1,https://www.amazon.com/gp/product/B07B3G4S4J,wishlist
2019-06-16 06:59:37.903205,::ffff:172.17.0.1,https://www.amazon.com/dp/B07NHRC3KH,wishlist
2019-06-16 07:00:52.871821,::ffff:172.17.0.1,https://www.amazon.com/dp/B07NQDG7RQ,wishlist
2019-06-16 10:46:28.519766,::ffff:172.17.0.1,https://www.amazon.com/dp/B075SG1T3X,wishlist
2019-06-16 16:45:00.037267,::ffff:172.17.0.1,https://www.amazon.com/dp/B07BFVFMS9/,wishlist
2019-06-16 17:08:25.884062,::ffff:172.17.0.1,https://www.amazon.com/dp/B06WVYL61Q,wishlist
2019-06-17 02:45:16.380969,::ffff:172.17.0.1,https://www.amazon.com/gp/product/B076642YPN,wishlist
2019-06-17 03:12:40.474167,::ffff:172.17.0.1,https://www.newegg.com/p/13C-0005-00145,wishlist
2019-06-17 11:16:45.997021,::ffff:172.17.0.1,https://www.newegg.com/g-skill-32gb-288-pin-ddr4-sdram/p/N82E16820232321,wishlist
2019-06-17 17:06:46.203552,::ffff:172.17.0.1,https://www.hdplex.com/hdplex-200w-dc-atx-power-supply-16v-24v-wide-range-voltage-input.html,wishlist
2019-06-17 17:58:22.176272,::ffff:172.17.0.1,https://www.hdplex.com/hdplex-internal-200w-ac-dc-adapter-with-active-pfc-and-19vdc-output.html,wishlist
2019-06-18 02:46:06.441474,::ffff:172.17.0.1,https://www.makershed.com/products/the-solarbotics-gravitrack-solar-marble-machine-kit,wishlist
2019-06-19 04:49:50.596842,::ffff:172.17.0.1,https://www.amazon.com/dp/B07NHRC3KH,wishlist
2019-06-19 04:50:14.663298,::ffff:172.17.0.1,https://www.amazon.com/dp/B01N6QKT7H,wishlist
2019-06-19 04:50:27.752894,::ffff:172.17.0.1,https://www.adafruit.com/product/4200,wishlist
2019-06-19 04:50:41.974927,::ffff:172.17.0.1,https://www.adafruit.com/product/4242,wishlist
2019-06-19 04:50:48.750500,::ffff:172.17.0.1,https://www.adafruit.com/product/4242,wishlist
2019-06-19 04:52:19.719142,::ffff:172.17.0.1,https://www.adafruit.com/product/3505,wishlist
2019-06-19 04:53:04.986599,::ffff:172.17.0.1,https://www.amazon.com/dp/B01K9MQ8WW,wishlist
2019-06-19 04:55:04.320488,::ffff:172.17.0.1,https://www.makershed.com/products/the-solarbotics-gravitrack-solar-marble-machine-kit,wishlist
2019-06-19 04:56:13.668203,::ffff:172.17.0.1,https://www.makershed.com/products/the-solarbotics-gravitrack-solar-marble-machine-kit,wishlist
2019-06-19 08:01:08.041770,::ffff:172.17.0.1,https://www.adafruit.com/product/4242,wishlist
2019-06-19 08:43:11.640456,::ffff:172.17.0.1,,wishlist
2019-06-19 10:41:18.554649,::ffff:172.17.0.1,https://www.adafruit.com/product/4200,wishlist
2019-06-19 11:19:45.689652,::ffff:172.17.0.1,https://www.yogurt-land.com/buygiftcards,wishlist
2019-06-20 03:02:39.766762,::ffff:172.17.0.1,https://solarbotics.com/product/60415/,wishlist
2019-06-20 03:05:44.593512,::ffff:172.17.0.1,https://www.newegg.com/p/N82E16814932151,wishlist
2019-06-20 04:19:11.988114,::ffff:172.17.0.1,https://www.newegg.com/p/N82E16814932151,wishlist
2019-06-20 10:08:01.790873,::ffff:172.17.0.1,https://www.adafruit.com/product/1597,wishlist
2019-06-20 11:57:35.691388,::ffff:172.17.0.1,https://www.adafruit.com/product/3505,wishlist
2019-06-20 20:32:10.350005,::ffff:172.17.0.1,https://www.amazon.com//dp/B07BMM74FD/,wishlist
2019-06-20 21:59:05.857728,::ffff:172.17.0.1,https://www.sfflab.com/collections/enclosures/products/nfc_s4m?variant=21625046794353,wishlist
2019-06-20 22:43:37.135263,::ffff:172.17.0.1,https://www.amazon.com/dp/B0143UM4TC,wishlist
2019-06-21 09:01:18.577333,::ffff:172.17.0.1,https://www.amazon.com/dp/B01GF0KV6G,wishlist
2019-06-21 12:36:16.173749,::ffff:172.17.0.1,https://www.amazon.com/dp/B07NHRC3KH,wishlist
2019-06-21 15:43:43.342498,::ffff:172.17.0.1,https://www.amazon.com/dp/B01K9MQ8WW,wishlist
2019-06-21 23:31:18.270367,::ffff:172.17.0.1,https://www.amazon.com/dp/B01N6QKT7H,wishlist
2019-06-22 03:15:30.921477,::ffff:172.17.0.1,https://www.amazon.com/dp/B002MJMXD4,wishlist
2019-06-22 07:43:10.610340,::ffff:172.17.0.1,https://www.newegg.com/p/13C-0005-00145,wishlist
2019-06-22 14:33:57.961563,::ffff:172.17.0.1,https://www.amazon.com/gp/product/B07B3G4S4J,wishlist
2019-06-22 16:38:30.635556,::ffff:172.17.0.1,https://www.amazon.com/dp/B07NQDG7RQ,wishlist
2019-06-22 20:35:42.840375,::ffff:172.17.0.1,https://www.amazon.com/dp/B0143UM4TC,wishlist
2019-06-23 02:05:31.284852,::ffff:172.17.0.1,https://www.amazon.com/dp/B06WVYL61Q,wishlist
2019-06-23 03:25:55.808445,::ffff:172.17.0.1,https://www.amazon.com/gp/product/B076642YPN,wishlist
2019-06-23 03:34:49.952429,::ffff:172.17.0.1,https://www.amazon.com/dp/B07BFVFMS9/,wishlist
2019-06-23 06:17:09.908783,::ffff:172.17.0.1,https://www.amazon.com/dp/B075SG1T3X,wishlist
2019-06-23 07:32:03.833890,::ffff:172.17.0.1,https://www.hdplex.com/hdplex-internal-200w-ac-dc-adapter-with-active-pfc-and-19vdc-output.html,wishlist
2019-06-23 14:44:11.743896,::ffff:172.17.0.1,https://www.makershed.com/products/the-solarbotics-gravitrack-solar-marble-machine-kit,wishlist
2019-06-23 17:59:11.970504,::ffff:172.17.0.1,https://www.newegg.com/g-skill-32gb-288-pin-ddr4-sdram/p/N82E16820232321,wishlist
2019-06-24 02:55:00.745338,::ffff:172.17.0.1,https://www.hdplex.com/hdplex-200w-dc-atx-power-supply-16v-24v-wide-range-voltage-input.html,wishlist
2019-06-24 21:55:54.128951,::ffff:172.17.0.1,https://solarbotics.com/product/60415/,wishlist
2019-06-25 04:59:42.690615,::ffff:172.17.0.1,https://www.yogurt-land.com/buygiftcards,wishlist
2019-06-25 07:10:21.871258,::ffff:172.17.0.1,https://shop.hak5.org/collections/network-implants/products/bug,wishlist
2019-06-25 18:42:11.405061,::ffff:172.17.0.1,https://www.newegg.com/p/N82E16814932151,wishlist
2019-06-26 20:44:50.114163,::ffff:172.17.0.1,https://www.newegg.com/g-skill-32gb-288-pin-ddr4-sdram/p/N82E16820232321,wishlist
2019-06-26 20:48:28.019973,::ffff:172.17.0.1,https://www.amazon.com/dp/B0143UM4TC,wishlist
2019-06-26 20:51:46.621745,::ffff:172.17.0.1,https://www.amazon.com/dp/B0143UM4TC,wishlist
2019-06-29 03:28:59.026779,::ffff:172.17.0.1,https://www.newegg.com/p/N82E16814932151,wishlist
2019-06-30 01:08:49.019025,::ffff:172.17.0.1,https://www.amazon.com/dp/B0012B8NW8/,wishlist
2019-06-30 05:11:41.954891,::ffff:172.17.0.1,https://www.amazon.com/gp/product/B076642YPN,wishlist
2019-06-30 05:49:33.092976,::ffff:172.17.0.1,https://www.amazon.com//dp/B07BMM74FD/,wishlist
2019-06-30 05:59:16.505319,::ffff:172.17.0.1,https://www.amazon.com/gp/product/B07B3G4S4J,wishlist
2019-06-30 18:45:25.614005,::ffff:172.17.0.1,https://www.k1speed.com/santa-clara-location/pricing.html,21bday
2019-06-30 19:14:09.507312,::ffff:172.17.0.1,http://pizzachicagoonline.com/menu/,21bday
2019-07-01 02:24:39.123124,::ffff:172.17.0.1,https://solarbotics.com/product/60415/,wishlist
2019-07-01 12:06:14.912218,::ffff:172.17.0.1,https://shop.hak5.org/collections/network-implants/products/bug,wishlist
2019-07-02 07:32:05.516354,::ffff:172.17.0.1,https://www.amazon.com/dp/B07NHRC3KH,wishlist
2019-07-03 06:52:21.836790,::ffff:172.17.0.1,https://www.amazon.com/dp/B01K9MQ8WW,wishlist
2019-07-03 08:12:25.770719,::ffff:172.17.0.1,https://www.amazon.com/gp/product/B076642YPN,wishlist
2019-07-03 09:23:01.762879,::ffff:172.17.0.1,https://shop.hak5.org/collections/network-implants/products/bug,wishlist
2019-07-04 04:40:58.182812,::ffff:172.17.0.1,https://www.amazon.com/gp/product/B076642YPN,wishlist
2019-07-04 07:38:10.772640,::ffff:172.17.0.1,https://www.amazon.com//dp/B07BMM74FD/,wishlist
2019-07-05 02:07:46.644551,::ffff:172.17.0.1,https://solarbotics.com/product/60415/,wishlist
2019-07-05 02:07:47.843088,::ffff:172.17.0.1,https://www.adafruit.com/product/1597,wishlist
2019-07-05 02:07:49.295014,::ffff:172.17.0.1,https://www.adafruit.com/product/3505,wishlist
2019-07-05 02:07:50.495231,::ffff:172.17.0.1,https://www.adafruit.com/product/4200,wishlist
2019-07-05 02:07:51.691581,::ffff:172.17.0.1,https://www.adafruit.com/product/4242,wishlist
2019-07-05 02:07:52.887670,::ffff:172.17.0.1,https://www.amazon.com/gp/product/B076642YPN,wishlist
2019-07-05 02:07:54.084067,::ffff:172.17.0.1,https://www.amazon.com/gp/product/B07B3G4S4J,wishlist
2019-07-05 02:07:55.279457,::ffff:172.17.0.1,https://www.makershed.com/products/the-solarbotics-gravitrack-solar-marble-machine-kit,wishlist
2019-07-05 02:07:56.475253,::ffff:172.17.0.1,https://www.sfflab.com/collections/enclosures/products/nfc_s4m?variant=21625046794353,wishlist
2019-07-05 02:07:57.675634,::ffff:172.17.0.1,https://shop.hak5.org/collections/network-implants/products/bug,wishlist
2019-07-05 02:07:58.871104,::ffff:172.17.0.1,,wishlist
2019-07-05 02:09:27.859703,::ffff:172.17.0.1,https://www.amazon.com//dp/B07BMM74FD/,wishlist
2019-07-05 02:09:29.066011,::ffff:172.17.0.1,https://www.amazon.com/dp/B0012B8NW8/,wishlist
2019-07-05 02:09:30.263819,::ffff:172.17.0.1,https://www.amazon.com/dp/B002MJMXD4,wishlist
2019-07-05 02:09:31.467574,::ffff:172.17.0.1,https://www.amazon.com/dp/B0143UM4TC,wishlist
2019-07-05 02:09:32.668880,::ffff:172.17.0.1,https://www.amazon.com/dp/B01GF0KV6G,wishlist
2019-07-05 02:09:33.869969,::ffff:172.17.0.1,https://www.amazon.com/dp/B01K9MQ8WW,wishlist
2019-07-05 02:09:35.071723,::ffff:172.17.0.1,https://www.amazon.com/dp/B01N6QKT7H,wishlist
2019-07-05 02:09:36.276614,::ffff:172.17.0.1,https://www.amazon.com/dp/B06WVYL61Q,wishlist
2019-07-05 02:09:37.477134,::ffff:172.17.0.1,https://www.amazon.com/dp/B075SG1T3X,wishlist
2019-07-05 02:09:38.679730,::ffff:172.17.0.1,https://www.amazon.com/dp/B07BFVFMS9/,wishlist
2019-07-05 02:09:39.891609,::ffff:172.17.0.1,https://www.amazon.com/dp/B07NHRC3KH,wishlist
2019-07-05 02:09:41.091702,::ffff:172.17.0.1,https://www.amazon.com/dp/B07NQDG7RQ,wishlist
2019-07-05 02:09:42.549833,::ffff:172.17.0.1,https://www.hdplex.com/hdplex-200w-dc-atx-power-supply-16v-24v-wide-range-voltage-input.html,wishlist
2019-07-05 02:09:43.750954,::ffff:172.17.0.1,https://www.hdplex.com/hdplex-internal-200w-ac-dc-adapter-with-active-pfc-and-19vdc-output.html,wishlist
2019-07-05 02:09:45.211684,::ffff:172.17.0.1,https://www.newegg.com/g-skill-32gb-288-pin-ddr4-sdram/p/N82E16820232321,wishlist
2019-07-05 02:09:46.408543,::ffff:172.17.0.1,https://www.newegg.com/p/13C-0005-00145,wishlist
2019-07-05 02:09:47.604888,::ffff:172.17.0.1,https://www.newegg.com/p/N82E16814932151,wishlist
2019-07-05 02:09:48.810860,::ffff:172.17.0.1,https://www.yogurt-land.com/buygiftcards,wishlist
2019-07-07 14:55:27.468241,::ffff:172.17.0.1,https://www.amazon.com/dp/B07NHRC3KH,wishlist
2019-07-07 16:25:40.305453,::ffff:172.17.0.1,https://www.amazon.com/gp/product/B076642YPN,wishlist
2019-07-07 16:46:18.422871,::ffff:172.17.0.1,https://www.amazon.com//dp/B07BMM74FD/,wishlist
2019-07-10 19:31:54.816197,::ffff:172.17.0.1,,wishlist
2019-07-11 04:28:27.528681,::ffff:172.17.0.1,https://solarbotics.com/product/60415/,wishlist
2019-07-11 04:28:53.761328,::ffff:172.17.0.1,https://www.newegg.com/g-skill-32gb-288-pin-ddr4-sdram/p/N82E16820232321,wishlist
2019-07-11 05:59:29.119017,::ffff:172.17.0.1,https://www.newegg.com/g-skill-32gb-288-pin-ddr4-sdram/p/N82E16820232321,wishlist
2019-07-11 23:19:03.741044,::ffff:172.17.0.1,,wishlist
2019-07-13 04:12:42.997801,::ffff:172.17.0.1,https://www.newegg.com/g-skill-32gb-288-pin-ddr4-sdram/p/N82E16820232321,wishlist
2019-07-13 08:06:29.403038,::ffff:172.17.0.1,,wishlist
2019-07-13 08:06:40.148073,::ffff:172.17.0.1,,wishlist
2019-07-13 08:06:56.786286,::ffff:172.17.0.1,https://www.yogurt-land.com/buygiftcards,wishlist
2019-07-13 08:07:14.944430,::ffff:172.17.0.1,https://www.amazon.com/dp/B07NHRC3KH,wishlist
2019-07-13 08:07:33.372122,::ffff:172.17.0.1,https://www.amazon.com/dp/B07NQDG7RQ,wishlist
2019-07-13 08:07:51.414085,::ffff:172.17.0.1,https://www.amazon.com/dp/B01N6QKT7H,wishlist
2019-07-13 08:08:09.413249,::ffff:172.17.0.1,https://www.adafruit.com/product/4200,wishlist
2019-07-13 08:08:27.788916,::ffff:172.17.0.1,https://www.adafruit.com/product/4242,wishlist
2019-07-13 08:08:46.144661,::ffff:172.17.0.1,https://www.adafruit.com/product/3505,wishlist
2019-07-13 08:09:04.456970,::ffff:172.17.0.1,https://www.amazon.com/dp/B01K9MQ8WW,wishlist
2019-07-13 08:09:22.410746,::ffff:172.17.0.1,https://www.makershed.com/products/the-solarbotics-gravitrack-solar-marble-machine-kit,wishlist
2019-07-13 08:09:28.836062,::ffff:172.17.0.1,https://www.makershed.com/products/the-solarbotics-gravitrack-solar-marble-machine-kit,wishlist
2019-07-13 08:09:42.857346,::ffff:172.17.0.1,https://solarbotics.com/product/60415/,wishlist
2019-07-13 08:10:01.771873,::ffff:172.17.0.1,https://shop.hak5.org/collections/network-implants/products/bug,wishlist
2019-07-13 08:10:19.831679,::ffff:172.17.0.1,https://www.amazon.com/dp/B002MJMXD4,wishlist
2019-07-13 08:10:37.849469,::ffff:172.17.0.1,https://www.adafruit.com/product/1597,wishlist
2019-07-13 08:10:56.255587,::ffff:172.17.0.1,https://www.amazon.com/dp/B07BFVFMS9/,wishlist
2019-07-13 08:11:14.191608,::ffff:172.17.0.1,https://www.amazon.com/dp/B0012B8NW8/,wishlist
2019-07-13 08:11:32.149612,::ffff:172.17.0.1,https://www.amazon.com//dp/B07BMM74FD/,wishlist
2019-07-13 08:11:50.130359,::ffff:172.17.0.1,https://www.amazon.com/dp/B01GF0KV6G,wishlist
2019-07-13 08:12:08.082405,::ffff:172.17.0.1,https://www.amazon.com/dp/B0143UM4TC,wishlist
2019-07-13 08:12:26.151276,::ffff:172.17.0.1,https://www.amazon.com/gp/product/B07B3G4S4J,wishlist
2019-07-13 08:12:44.155731,::ffff:172.17.0.1,https://www.amazon.com/gp/product/B076642YPN,wishlist
2019-07-13 08:13:02.238773,::ffff:172.17.0.1,https://www.amazon.com/dp/B06WVYL61Q,wishlist
2019-07-13 08:13:20.175738,::ffff:172.17.0.1,https://www.sfflab.com/collections/enclosures/products/nfc_s4m?variant=21625046794353,wishlist
2019-07-13 08:13:39.177612,::ffff:172.17.0.1,https://www.amazon.com/dp/B075SG1T3X,wishlist
2019-07-13 08:13:57.191741,::ffff:172.17.0.1,https://www.newegg.com/p/13C-0005-00145,wishlist
2019-07-13 08:14:15.507340,::ffff:172.17.0.1,https://www.hdplex.com/hdplex-internal-200w-ac-dc-adapter-with-active-pfc-and-19vdc-output.html,wishlist
2019-07-13 08:14:33.521424,::ffff:172.17.0.1,https://www.hdplex.com/hdplex-200w-dc-atx-power-supply-16v-24v-wide-range-voltage-input.html,wishlist
2019-07-13 08:14:51.470553,::ffff:172.17.0.1,https://www.newegg.com/p/N82E16814932151,wishlist
2019-07-13 08:15:09.879004,::ffff:172.17.0.1,https://www.newegg.com/g-skill-32gb-288-pin-ddr4-sdram/p/N82E16820232321,wishlist
2019-07-14 01:43:39.333042,::ffff:172.17.0.1,https://www.amazon.com/dp/B07NHRC3KH,wishlist
2019-07-14 02:44:10.524198,::ffff:172.17.0.1,https://www.amazon.com/dp/B01K9MQ8WW,wishlist
2019-07-14 03:43:59.328829,::ffff:172.17.0.1,https://www.amazon.com//dp/B07BMM74FD/,wishlist
2019-07-14 05:54:39.777087,::ffff:172.17.0.1,https://www.amazon.com/gp/product/B07B3G4S4J,wishlist
2019-07-14 18:45:18.348049,::ffff:172.17.0.1,https://www.hdplex.com/hdplex-internal-200w-ac-dc-adapter-with-active-pfc-and-19vdc-output.html,wishlist
2019-07-14 18:46:21.687252,::ffff:172.17.0.1,https://www.amazon.com/gp/product/B07B3G4S4J,wishlist
2019-07-14 18:47:00.705916,::ffff:172.17.0.1,https://www.amazon.com/gp/product/B076642YPN,wishlist
2019-07-14 18:47:13.376338,::ffff:172.17.0.1,https://www.amazon.com/dp/B01K9MQ8WW,wishlist
2019-07-14 18:47:18.887423,::ffff:172.17.0.1,https://www.amazon.com/dp/B07BFVFMS9/,wishlist
2019-07-14 18:47:25.724046,::ffff:172.17.0.1,https://www.amazon.com/dp/B0012B8NW8/,wishlist
2019-07-14 18:47:29.364356,::ffff:172.17.0.1,https://www.amazon.com/dp/B07NQDG7RQ,wishlist
2019-07-15 20:46:22.256322,::ffff:172.17.0.1,https://solarbotics.com/product/60415/,wishlist
2019-07-16 01:03:12.688787,::ffff:172.17.0.1,https://www.newegg.com/p/N82E16814932151,wishlist
2019-07-16 01:06:31.903405,::ffff:172.17.0.1,https://www.amazon.com/dp/B06WVYL61Q,wishlist
2019-07-16 01:06:43.421028,::ffff:172.17.0.1,https://www.amazon.com/gp/product/B076642YPN,wishlist
2019-07-17 06:50:12.513678,::ffff:172.17.0.1,https://www.amazon.com/dp/B07BFVFMS9/,wishlist
2019-07-17 06:50:13.509506,::ffff:172.17.0.1,https://www.amazon.com/dp/B0012B8NW8/,wishlist
2019-07-17 06:50:16.031745,::ffff:172.17.0.1,https://www.amazon.com//dp/B07BMM74FD/,wishlist
2019-07-17 06:50:18.059629,::ffff:172.17.0.1,https://www.amazon.com/dp/B01GF0KV6G,wishlist
2019-07-17 06:50:28.296038,::ffff:172.17.0.1,https://www.newegg.com/p/N82E16814932151,wishlist
2019-07-17 07:43:32.339174,::ffff:172.17.0.1,https://www.hdplex.com/hdplex-internal-200w-ac-dc-adapter-with-active-pfc-and-19vdc-output.html,wishlist
2019-07-17 08:00:04.241163,::ffff:172.17.0.1,https://nfc-systems.com/shop-all/fs5yyuelcpkccl596azgxv15m6fv9r,wishlist
2019-07-18 14:45:07.897059,::ffff:172.17.0.1,https://www.amazon.com/dp/B01K9MQ8WW,wishlist
2019-07-18 18:10:04.836681,::ffff:172.17.0.1,https://www.newegg.com/g-skill-32gb-288-pin-ddr4-sdram/p/N82E16820232321,wishlist
2019-07-18 18:13:22.288932,::ffff:172.17.0.1,https://www.newegg.com/g-skill-32gb-288-pin-ddr4-sdram/p/N82E16820232321,wishlist
2019-07-18 18:50:21.897596,::ffff:172.17.0.1,https://www.hdplex.com/hdplex-internal-200w-ac-dc-adapter-with-active-pfc-and-19vdc-output.html,wishlist
2019-07-18 18:50:23.303837,::ffff:172.17.0.1,https://www.hdplex.com/hdplex-200w-dc-atx-power-supply-16v-24v-wide-range-voltage-input.html,wishlist
2019-07-20 06:37:07.979564,::ffff:172.17.0.1,https://www.adafruit.com/product/1597,wishlist
2019-07-20 11:26:42.279228,::ffff:172.17.0.1,https://www.yogurt-land.com/buygiftcards,wishlist
2019-07-20 11:26:42.479752,::ffff:172.17.0.1,https://www.adafruit.com/product/4200,wishlist
2019-07-20 11:26:42.679608,::ffff:172.17.0.1,https://www.amazon.com/dp/B06WVYL61Q,wishlist
2019-07-20 11:26:42.879348,::ffff:172.17.0.1,https://www.sfflab.com/collections/enclosures/products/nfc_s4m?variant=21625046794353,wishlist
2019-07-20 11:26:43.079396,::ffff:172.17.0.1,https://www.amazon.com/dp/B01GF0KV6G,wishlist
2019-07-20 11:26:43.279307,::ffff:172.17.0.1,https://nfc-systems.com/shop-all/switch,wishlist
2019-07-20 11:26:43.479055,::ffff:172.17.0.1,https://paulshardware.net/all-products/thumb-screw-heavy-metal-mens-t-shirt,wishlist
2019-07-20 11:26:43.678931,::ffff:172.17.0.1,https://www.hdplex.com/hdplex-200w-dc-atx-power-supply-16v-24v-wide-range-voltage-input.html,wishlist
2019-07-20 11:26:43.879796,::ffff:172.17.0.1,https://www.amazon.com/dp/B01N6QKT7H,wishlist
2019-07-20 11:26:44.079806,::ffff:172.17.0.1,https://nfc-systems.com/shop-all/fs5yyuelcpkccl596azgxv15m6fv9r,wishlist
2019-07-20 11:26:44.280136,::ffff:172.17.0.1,https://www.makershed.com/products/the-solarbotics-gravitrack-solar-marble-machine-kit,wishlist
2019-07-20 11:26:44.480180,::ffff:172.17.0.1,https://www.newegg.com/p/N82E16814932151,wishlist
2019-07-20 11:26:44.679769,::ffff:172.17.0.1,https://www.newegg.com/g-skill-32gb-288-pin-ddr4-sdram/p/N82E16820232321,wishlist
2019-07-20 11:26:44.881039,::ffff:172.17.0.1,https://www.adafruit.com/product/3505,wishlist
2019-07-20 11:26:45.079718,::ffff:172.17.0.1,https://www.amazon.com/dp/B07BFVFMS9/,wishlist
2019-07-20 11:26:45.280442,::ffff:172.17.0.1,https://www.amazon.com/dp/B002MJMXD4,wishlist
2019-07-20 11:26:45.479989,::ffff:172.17.0.1,https://solarbotics.com/product/60415/,wishlist
2019-07-20 11:26:45.680940,::ffff:172.17.0.1,https://www.amazon.com/dp/B07NQDG7RQ,wishlist
2019-07-20 11:26:45.880901,::ffff:172.17.0.1,https://www.amazon.com/dp/B0143UM4TC,wishlist
2019-07-20 11:26:46.080370,::ffff:172.17.0.1,https://www.amazon.com//dp/B07BMM74FD/,wishlist
2019-07-20 11:26:46.280853,::ffff:172.17.0.1,https://www.hdplex.com/hdplex-internal-200w-ac-dc-adapter-with-active-pfc-and-19vdc-output.html,wishlist
2019-07-20 11:26:46.481894,::ffff:172.17.0.1,https://www.amazon.com/dp/B0012B8NW8/,wishlist
2019-07-20 11:26:46.681794,::ffff:172.17.0.1,https://www.amazon.com/gp/product/B076642YPN,wishlist
2019-07-20 11:26:46.891825,::ffff:172.17.0.1,https://www.amazon.com/dp/B075SG1T3X,wishlist
2019-07-20 11:26:47.082189,::ffff:172.17.0.1,https://shop.hak5.org/collections/network-implants/products/bug,wishlist
2019-07-20 11:26:47.280779,::ffff:172.17.0.1,https://www.adafruit.com/product/4242,wishlist
2019-07-20 11:26:47.481998,::ffff:172.17.0.1,https://www.newegg.com/p/13C-0005-00145,wishlist
2019-07-20 11:26:47.882312,::ffff:172.17.0.1,https://teespring.com/meatball-t?tsmac=store,wishlist
2019-07-20 11:26:48.081902,::ffff:172.17.0.1,https://www.amazon.com/gp/product/B07B3G4S4J,wishlist
2019-07-20 11:26:48.282376,::ffff:172.17.0.1,https://www.amazon.com/dp/B07NHRC3KH,wishlist
2019-07-20 11:26:48.482282,::ffff:172.17.0.1,https://www.adafruit.com/product/1597,wishlist
2019-07-20 11:26:48.682433,::ffff:172.17.0.1,,wishlist
2019-07-20 11:26:48.882230,::ffff:172.17.0.1,https://paulshardware.net/all-products/thumb-screw-gaming-desk-mat-90-cm-x-25-cm-x-2-mm,wishlist
2019-07-20 20:25:46.922005,::ffff:172.17.0.1,https://shop.hak5.org/collections/network-implants/products/bug,wishlist
2019-07-20 20:31:16.421315,::ffff:172.17.0.1,https://www.newegg.com/g-skill-32gb-288-pin-ddr4-sdram/p/N82E16820232321,wishlist
2019-07-21 21:00:27.696602,::ffff:172.17.0.1,https://www.amazon.com/dp/B01K9MQ8WW,wishlist
2019-07-21 21:30:29.766829,::ffff:172.17.0.1,https://www.amazon.com/gp/product/B076642YPN,wishlist
2019-07-21 21:40:24.418889,::ffff:172.17.0.1,https://www.amazon.com//dp/B07BMM74FD/,wishlist
2019-07-21 22:21:00.681448,::ffff:172.17.0.1,https://www.amazon.com/gp/product/B07B3G4S4J,wishlist
2019-07-23 02:17:22.609150,::ffff:172.17.0.1,https://www.amazon.com/gp/product/B076642YPN,wishlist
2019-07-23 07:52:38.974573,::ffff:172.17.0.1,https://www.k1speed.com/santa-clara-location/pricing.html,21bday
2019-07-23 18:13:22.136537,::ffff:172.17.0.1,https://goo.gl/maps/VHa3oQ6AJasLaLRk8,21bday
2019-07-24 19:47:07.842501,::ffff:172.17.0.1,https://solarbotics.com/product/60415/,wishlist
2019-07-25 06:14:46.563377,::ffff:172.17.0.1,,wishlist
2019-07-25 06:14:47.958738,::ffff:172.17.0.1,https://www.amazon.com/dp/B0143UM4TC,wishlist
2019-07-25 06:14:51.690434,::ffff:172.17.0.1,https://www.amazon.com/dp/B01GF0KV6G,wishlist
2019-07-25 06:14:54.486802,::ffff:172.17.0.1,https://www.amazon.com/dp/B07NQDG7RQ,wishlist
2019-07-25 06:14:57.003713,::ffff:172.17.0.1,https://www.amazon.com/dp/B01N6QKT7H,wishlist
2019-07-25 06:15:00.363809,::ffff:172.17.0.1,https://www.amazon.com/dp/B07NHRC3KH,wishlist
2019-07-25 06:15:03.899338,::ffff:172.17.0.1,https://www.amazon.com/dp/B075SG1T3X,wishlist
2019-07-25 06:15:06.523504,::ffff:172.17.0.1,https://www.amazon.com/dp/B002MJMXD4,wishlist
2019-07-25 06:15:09.597435,::ffff:172.17.0.1,https://www.amazon.com/dp/B06WVYL61Q,wishlist
2019-07-25 06:15:14.209011,::ffff:172.17.0.1,https://www.amazon.com/dp/B0012B8NW8/,wishlist
2019-07-25 06:15:17.315237,::ffff:172.17.0.1,https://www.adafruit.com/product/1597,wishlist
2019-07-26 07:53:28.027985,::ffff:172.17.0.1,https://paulshardware.net/all-products/thumb-screw-gaming-desk-mat-90-cm-x-25-cm-x-2-mm,wishlist
2019-07-28 11:26:33.561563,::ffff:172.17.0.1,https://teespring.com/meatball-t?tsmac=store,wishlist
2019-07-28 11:26:54.019642,::ffff:172.17.0.1,,wishlist
2019-07-28 11:27:16.273210,::ffff:172.17.0.1,https://nfc-systems.com/shop-all/switch,wishlist
2019-07-28 11:27:40.834612,::ffff:172.17.0.1,https://www.makershed.com/products/the-solarbotics-gravitrack-solar-marble-machine-kit,wishlist
2019-07-28 11:28:08.473915,::ffff:172.17.0.1,https://nfc-systems.com/shop-all/fs5yyuelcpkccl596azgxv15m6fv9r,wishlist
2019-07-28 11:28:47.958353,::ffff:172.17.0.1,https://paulshardware.net/all-products/thumb-screw-heavy-metal-mens-t-shirt,wishlist
2019-07-28 11:29:26.189758,::ffff:172.17.0.1,https://paulshardware.net/all-products/thumb-screw-gaming-desk-mat-90-cm-x-25-cm-x-2-mm,wishlist
2019-07-28 18:07:19.727522,::ffff:172.17.0.1,https://shop.hak5.org/collections/network-implants/products/bug,wishlist
2019-07-28 19:03:40.493528,::ffff:172.17.0.1,https://www.amazon.com/dp/B01K9MQ8WW,wishlist
2019-07-28 19:11:32.422695,::ffff:172.17.0.1,https://www.hdplex.com/hdplex-200w-dc-atx-power-supply-16v-24v-wide-range-voltage-input.html,wishlist
2019-07-28 19:12:18.540923,::ffff:172.17.0.1,https://www.hdplex.com/hdplex-internal-200w-ac-dc-adapter-with-active-pfc-and-19vdc-output.html,wishlist
2019-07-28 20:48:37.868141,::ffff:172.17.0.1,https://www.hdplex.com/hdplex-internal-200w-ac-dc-adapter-with-active-pfc-and-19vdc-output.html,wishlist
2019-07-29 00:13:56.215486,::ffff:172.17.0.1,https://www.amazon.com//dp/B07BMM74FD/,wishlist
2019-07-29 02:44:25.955130,::ffff:172.17.0.1,https://www.amazon.com/gp/product/B076642YPN,wishlist
2019-07-29 05:14:58.306196,::ffff:172.17.0.1,https://nfc-systems.com/shop-all/switch,wishlist
2019-07-29 08:04:57.722309,::ffff:172.17.0.1,https://www.amazon.com/gp/product/B07B3G4S4J,wishlist
